"","human_id","game.f","opp_type","interaction_lvl","condition.f","int_score"
"1","1I3kEYgqQNafdKmYAAE2","RPS","Level_1","first interaction","lvl_2 first",-0.05
"2","1I3kEYgqQNafdKmYAAE2","RPS","Level_1","second interaction","lvl_2 first",-0.1
"3","1I3kEYgqQNafdKmYAAE2","RPS","Level_2","first interaction","lvl_2 first",-0.3
"4","1I3kEYgqQNafdKmYAAE2","RPS","Level_2","second interaction","lvl_2 first",0.5
"5","1I3kEYgqQNafdKmYAAE2","FWG","Level_1","first interaction","lvl_2 first",0.2
"6","1I3kEYgqQNafdKmYAAE2","FWG","Level_1","second interaction","lvl_2 first",0.2
"7","1I3kEYgqQNafdKmYAAE2","FWG","Level_2","first interaction","lvl_2 first",0.3
"8","1I3kEYgqQNafdKmYAAE2","FWG","Level_2","second interaction","lvl_2 first",0
"9","1I3kEYgqQNafdKmYAAE2","SHOOT","Level_1","first interaction","lvl_2 first",0.67
"10","1I3kEYgqQNafdKmYAAE2","SHOOT","Level_1","second interaction","lvl_2 first",0.67
"11","1I3kEYgqQNafdKmYAAE2","SHOOT","Level_2","first interaction","lvl_2 first",0.5865
"12","1I3kEYgqQNafdKmYAAE2","SHOOT","Level_2","second interaction","lvl_2 first",0.67
"13","1XLMrTr83c4qS8dZAADJ","RPS","Level_1","first interaction","lvl_2 first",0
"14","1XLMrTr83c4qS8dZAADJ","RPS","Level_1","second interaction","lvl_2 first",-0.4
"15","1XLMrTr83c4qS8dZAADJ","RPS","Level_2","first interaction","lvl_2 first",0.2
"16","1XLMrTr83c4qS8dZAADJ","RPS","Level_2","second interaction","lvl_2 first",0.2
"17","1XLMrTr83c4qS8dZAADJ","FWG","Level_1","first interaction","lvl_2 first",0.2
"18","1XLMrTr83c4qS8dZAADJ","FWG","Level_1","second interaction","lvl_2 first",0.2
"19","1XLMrTr83c4qS8dZAADJ","FWG","Level_2","first interaction","lvl_2 first",0
"20","1XLMrTr83c4qS8dZAADJ","FWG","Level_2","second interaction","lvl_2 first",0
"21","1XLMrTr83c4qS8dZAADJ","SHOOT","Level_1","first interaction","lvl_2 first",0.336
"22","1XLMrTr83c4qS8dZAADJ","SHOOT","Level_1","second interaction","lvl_2 first",0.169
"23","1XLMrTr83c4qS8dZAADJ","SHOOT","Level_2","first interaction","lvl_2 first",0.169
"24","1XLMrTr83c4qS8dZAADJ","SHOOT","Level_2","second interaction","lvl_2 first",0.336
"25","2o6EfY2kcZpacXG5AACi","RPS","Level_1","first interaction","lvl_1 first",0.05
"26","2o6EfY2kcZpacXG5AACi","RPS","Level_1","second interaction","lvl_1 first",-0.5
"27","2o6EfY2kcZpacXG5AACi","RPS","Level_2","first interaction","lvl_1 first",0.2
"28","2o6EfY2kcZpacXG5AACi","RPS","Level_2","second interaction","lvl_1 first",0.1
"29","2o6EfY2kcZpacXG5AACi","FWG","Level_1","first interaction","lvl_1 first",0.1
"30","2o6EfY2kcZpacXG5AACi","FWG","Level_1","second interaction","lvl_1 first",-0.4
"31","2o6EfY2kcZpacXG5AACi","FWG","Level_2","first interaction","lvl_1 first",0.5
"32","2o6EfY2kcZpacXG5AACi","FWG","Level_2","second interaction","lvl_1 first",0.1
"33","2o6EfY2kcZpacXG5AACi","SHOOT","Level_1","first interaction","lvl_1 first",0.169
"34","2o6EfY2kcZpacXG5AACi","SHOOT","Level_1","second interaction","lvl_1 first",0.67
"35","2o6EfY2kcZpacXG5AACi","SHOOT","Level_2","first interaction","lvl_1 first",0.336
"36","2o6EfY2kcZpacXG5AACi","SHOOT","Level_2","second interaction","lvl_1 first",0.67
"37","3_JxdNwHO9s_tnGvAAGL","RPS","Level_1","first interaction","lvl_2 first",-0.2
"38","3_JxdNwHO9s_tnGvAAGL","RPS","Level_1","second interaction","lvl_2 first",-0.3
"39","3_JxdNwHO9s_tnGvAAGL","RPS","Level_2","first interaction","lvl_2 first",0.45
"40","3_JxdNwHO9s_tnGvAAGL","RPS","Level_2","second interaction","lvl_2 first",0
"41","3_JxdNwHO9s_tnGvAAGL","FWG","Level_1","first interaction","lvl_2 first",-0.3
"42","3_JxdNwHO9s_tnGvAAGL","FWG","Level_1","second interaction","lvl_2 first",0.3
"43","3_JxdNwHO9s_tnGvAAGL","FWG","Level_2","first interaction","lvl_2 first",0.65
"44","3_JxdNwHO9s_tnGvAAGL","FWG","Level_2","second interaction","lvl_2 first",0.7
"45","3_JxdNwHO9s_tnGvAAGL","SHOOT","Level_1","first interaction","lvl_2 first",0.67
"46","3_JxdNwHO9s_tnGvAAGL","SHOOT","Level_1","second interaction","lvl_2 first",-0.499
"47","3_JxdNwHO9s_tnGvAAGL","SHOOT","Level_2","first interaction","lvl_2 first",0.0855
"48","3_JxdNwHO9s_tnGvAAGL","SHOOT","Level_2","second interaction","lvl_2 first",0.67
"49","3h3jZyjIjjTRIL5fAABG","RPS","Level_1","first interaction","lvl_1 first",0.15
"50","3h3jZyjIjjTRIL5fAABG","RPS","Level_1","second interaction","lvl_1 first",0.2
"51","3h3jZyjIjjTRIL5fAABG","RPS","Level_2","first interaction","lvl_1 first",0.65
"52","3h3jZyjIjjTRIL5fAABG","RPS","Level_2","second interaction","lvl_1 first",0.7
"53","3h3jZyjIjjTRIL5fAABG","FWG","Level_1","first interaction","lvl_1 first",0.75
"54","3h3jZyjIjjTRIL5fAABG","FWG","Level_1","second interaction","lvl_1 first",0.9
"55","3h3jZyjIjjTRIL5fAABG","FWG","Level_2","first interaction","lvl_1 first",-0.2
"56","3h3jZyjIjjTRIL5fAABG","FWG","Level_2","second interaction","lvl_1 first",-0.2
"57","3h3jZyjIjjTRIL5fAABG","SHOOT","Level_1","first interaction","lvl_1 first",0.5865
"58","3h3jZyjIjjTRIL5fAABG","SHOOT","Level_1","second interaction","lvl_1 first",0.67
"59","3h3jZyjIjjTRIL5fAABG","SHOOT","Level_2","first interaction","lvl_1 first",0.67
"60","3h3jZyjIjjTRIL5fAABG","SHOOT","Level_2","second interaction","lvl_1 first",0.67
"61","5n2YIMBTH3GYyBUvAACt","RPS","Level_1","first interaction","lvl_1 first",0.45
"62","5n2YIMBTH3GYyBUvAACt","RPS","Level_1","second interaction","lvl_1 first",0
"63","5n2YIMBTH3GYyBUvAACt","RPS","Level_2","first interaction","lvl_1 first",0.25
"64","5n2YIMBTH3GYyBUvAACt","RPS","Level_2","second interaction","lvl_1 first",0
"65","5n2YIMBTH3GYyBUvAACt","FWG","Level_1","first interaction","lvl_1 first",0
"66","5n2YIMBTH3GYyBUvAACt","FWG","Level_1","second interaction","lvl_1 first",-0.3
"67","5n2YIMBTH3GYyBUvAACt","FWG","Level_2","first interaction","lvl_1 first",0.25
"68","5n2YIMBTH3GYyBUvAACt","FWG","Level_2","second interaction","lvl_1 first",-0.3
"69","5n2YIMBTH3GYyBUvAACt","SHOOT","Level_1","first interaction","lvl_1 first",0.5865
"70","5n2YIMBTH3GYyBUvAACt","SHOOT","Level_1","second interaction","lvl_1 first",0.67
"71","5n2YIMBTH3GYyBUvAACt","SHOOT","Level_2","first interaction","lvl_1 first",0.336
"72","5n2YIMBTH3GYyBUvAACt","SHOOT","Level_2","second interaction","lvl_1 first",0.336
"73","7DzgDjXk_uRYBYj6AADN","RPS","Level_1","first interaction","lvl_1 first",0.75
"74","7DzgDjXk_uRYBYj6AADN","RPS","Level_1","second interaction","lvl_1 first",1
"75","7DzgDjXk_uRYBYj6AADN","RPS","Level_2","first interaction","lvl_1 first",1
"76","7DzgDjXk_uRYBYj6AADN","RPS","Level_2","second interaction","lvl_1 first",0.8
"77","7DzgDjXk_uRYBYj6AADN","FWG","Level_1","first interaction","lvl_1 first",0.75
"78","7DzgDjXk_uRYBYj6AADN","FWG","Level_1","second interaction","lvl_1 first",0.9
"79","7DzgDjXk_uRYBYj6AADN","FWG","Level_2","first interaction","lvl_1 first",0.75
"80","7DzgDjXk_uRYBYj6AADN","FWG","Level_2","second interaction","lvl_1 first",0.8
"81","7DzgDjXk_uRYBYj6AADN","SHOOT","Level_1","first interaction","lvl_1 first",0.5865
"82","7DzgDjXk_uRYBYj6AADN","SHOOT","Level_1","second interaction","lvl_1 first",0.67
"83","7DzgDjXk_uRYBYj6AADN","SHOOT","Level_2","first interaction","lvl_1 first",0.336
"84","7DzgDjXk_uRYBYj6AADN","SHOOT","Level_2","second interaction","lvl_1 first",0.503
"85","94-lizWrkNfoLXQuAAGx","RPS","Level_1","first interaction","lvl_2 first",0.4
"86","94-lizWrkNfoLXQuAAGx","RPS","Level_1","second interaction","lvl_2 first",0.2
"87","94-lizWrkNfoLXQuAAGx","RPS","Level_2","first interaction","lvl_2 first",0.2
"88","94-lizWrkNfoLXQuAAGx","RPS","Level_2","second interaction","lvl_2 first",0.7
"89","94-lizWrkNfoLXQuAAGx","FWG","Level_1","first interaction","lvl_2 first",0.45
"90","94-lizWrkNfoLXQuAAGx","FWG","Level_1","second interaction","lvl_2 first",0.7
"91","94-lizWrkNfoLXQuAAGx","FWG","Level_2","first interaction","lvl_2 first",0.95
"92","94-lizWrkNfoLXQuAAGx","FWG","Level_2","second interaction","lvl_2 first",0.5
"93","94-lizWrkNfoLXQuAAGx","SHOOT","Level_1","first interaction","lvl_2 first",0.5865
"94","94-lizWrkNfoLXQuAAGx","SHOOT","Level_1","second interaction","lvl_2 first",0.336
"95","94-lizWrkNfoLXQuAAGx","SHOOT","Level_2","first interaction","lvl_2 first",0.336
"96","94-lizWrkNfoLXQuAAGx","SHOOT","Level_2","second interaction","lvl_2 first",0.503
"97","amDuYL1Ye5omcBj6AAAR","RPS","Level_1","first interaction","lvl_1 first",0.3
"98","amDuYL1Ye5omcBj6AAAR","RPS","Level_1","second interaction","lvl_1 first",0.8
"99","amDuYL1Ye5omcBj6AAAR","RPS","Level_2","first interaction","lvl_1 first",0.65
"100","amDuYL1Ye5omcBj6AAAR","RPS","Level_2","second interaction","lvl_1 first",1
"101","amDuYL1Ye5omcBj6AAAR","FWG","Level_1","first interaction","lvl_1 first",0.45
"102","amDuYL1Ye5omcBj6AAAR","FWG","Level_1","second interaction","lvl_1 first",0.8
"103","amDuYL1Ye5omcBj6AAAR","FWG","Level_2","first interaction","lvl_1 first",0.5
"104","amDuYL1Ye5omcBj6AAAR","FWG","Level_2","second interaction","lvl_1 first",0.9
"105","amDuYL1Ye5omcBj6AAAR","SHOOT","Level_1","first interaction","lvl_1 first",0.5865
"106","amDuYL1Ye5omcBj6AAAR","SHOOT","Level_1","second interaction","lvl_1 first",0.67
"107","amDuYL1Ye5omcBj6AAAR","SHOOT","Level_2","first interaction","lvl_1 first",0.67
"108","amDuYL1Ye5omcBj6AAAR","SHOOT","Level_2","second interaction","lvl_1 first",-0.165
"109","Bfty2Volxvh7TZuAAAAn","RPS","Level_1","first interaction","lvl_1 first",0.4
"110","Bfty2Volxvh7TZuAAAAn","RPS","Level_1","second interaction","lvl_1 first",0.6
"111","Bfty2Volxvh7TZuAAAAn","RPS","Level_2","first interaction","lvl_1 first",0.55
"112","Bfty2Volxvh7TZuAAAAn","RPS","Level_2","second interaction","lvl_1 first",-0.1
"113","Bfty2Volxvh7TZuAAAAn","FWG","Level_1","first interaction","lvl_1 first",1
"114","Bfty2Volxvh7TZuAAAAn","FWG","Level_1","second interaction","lvl_1 first",0.9
"115","Bfty2Volxvh7TZuAAAAn","FWG","Level_2","first interaction","lvl_1 first",0.85
"116","Bfty2Volxvh7TZuAAAAn","FWG","Level_2","second interaction","lvl_1 first",0.6
"117","Bfty2Volxvh7TZuAAAAn","SHOOT","Level_1","first interaction","lvl_1 first",0.67
"118","Bfty2Volxvh7TZuAAAAn","SHOOT","Level_1","second interaction","lvl_1 first",0.503
"119","Bfty2Volxvh7TZuAAAAn","SHOOT","Level_2","first interaction","lvl_1 first",0.2525
"120","Bfty2Volxvh7TZuAAAAn","SHOOT","Level_2","second interaction","lvl_1 first",0.503
"121","BjBPvEASTEAwT4IBAAFP","RPS","Level_1","first interaction","lvl_2 first",-0.15
"122","BjBPvEASTEAwT4IBAAFP","RPS","Level_1","second interaction","lvl_2 first",0.3
"123","BjBPvEASTEAwT4IBAAFP","RPS","Level_2","first interaction","lvl_2 first",-0.2
"124","BjBPvEASTEAwT4IBAAFP","RPS","Level_2","second interaction","lvl_2 first",0
"125","BjBPvEASTEAwT4IBAAFP","FWG","Level_1","first interaction","lvl_2 first",-0.1
"126","BjBPvEASTEAwT4IBAAFP","FWG","Level_1","second interaction","lvl_2 first",0.2
"127","BjBPvEASTEAwT4IBAAFP","FWG","Level_2","first interaction","lvl_2 first",0.35
"128","BjBPvEASTEAwT4IBAAFP","FWG","Level_2","second interaction","lvl_2 first",0.7
"129","BjBPvEASTEAwT4IBAAFP","SHOOT","Level_1","first interaction","lvl_2 first",0.336
"130","BjBPvEASTEAwT4IBAAFP","SHOOT","Level_1","second interaction","lvl_2 first",0.503
"131","BjBPvEASTEAwT4IBAAFP","SHOOT","Level_2","first interaction","lvl_2 first",0.169
"132","BjBPvEASTEAwT4IBAAFP","SHOOT","Level_2","second interaction","lvl_2 first",0.169
"133","bNrt9YPV9mSMUhWfAAB6","RPS","Level_1","first interaction","lvl_1 first",0.15
"134","bNrt9YPV9mSMUhWfAAB6","RPS","Level_1","second interaction","lvl_1 first",0.2
"135","bNrt9YPV9mSMUhWfAAB6","RPS","Level_2","first interaction","lvl_1 first",0.5
"136","bNrt9YPV9mSMUhWfAAB6","RPS","Level_2","second interaction","lvl_1 first",-0.2
"137","bNrt9YPV9mSMUhWfAAB6","FWG","Level_1","first interaction","lvl_1 first",-0.1
"138","bNrt9YPV9mSMUhWfAAB6","FWG","Level_1","second interaction","lvl_1 first",0.5
"139","bNrt9YPV9mSMUhWfAAB6","FWG","Level_2","first interaction","lvl_1 first",0
"140","bNrt9YPV9mSMUhWfAAB6","FWG","Level_2","second interaction","lvl_1 first",0.6
"141","bNrt9YPV9mSMUhWfAAB6","SHOOT","Level_1","first interaction","lvl_1 first",0.67
"142","bNrt9YPV9mSMUhWfAAB6","SHOOT","Level_1","second interaction","lvl_1 first",0.336
"143","bNrt9YPV9mSMUhWfAAB6","SHOOT","Level_2","first interaction","lvl_1 first",0.169
"144","bNrt9YPV9mSMUhWfAAB6","SHOOT","Level_2","second interaction","lvl_1 first",0.169
"145","bpaMxr2edUaSR-dFAAGz","RPS","Level_1","first interaction","lvl_1 first",0.2
"146","bpaMxr2edUaSR-dFAAGz","RPS","Level_1","second interaction","lvl_1 first",0.4
"147","bpaMxr2edUaSR-dFAAGz","RPS","Level_2","first interaction","lvl_1 first",-0.1
"148","bpaMxr2edUaSR-dFAAGz","RPS","Level_2","second interaction","lvl_1 first",0.1
"149","bpaMxr2edUaSR-dFAAGz","FWG","Level_1","first interaction","lvl_1 first",0.2
"150","bpaMxr2edUaSR-dFAAGz","FWG","Level_1","second interaction","lvl_1 first",0.2
"151","bpaMxr2edUaSR-dFAAGz","FWG","Level_2","first interaction","lvl_1 first",0.25
"152","bpaMxr2edUaSR-dFAAGz","FWG","Level_2","second interaction","lvl_1 first",0.1
"153","bpaMxr2edUaSR-dFAAGz","SHOOT","Level_1","first interaction","lvl_1 first",0.169
"154","bpaMxr2edUaSR-dFAAGz","SHOOT","Level_1","second interaction","lvl_1 first",0.67
"155","bpaMxr2edUaSR-dFAAGz","SHOOT","Level_2","first interaction","lvl_1 first",0.00199999999999996
"156","bpaMxr2edUaSR-dFAAGz","SHOOT","Level_2","second interaction","lvl_1 first",0.503
"157","bZg1T3MNoItL6b7qAAAj","RPS","Level_1","first interaction","lvl_2 first",0.9
"158","bZg1T3MNoItL6b7qAAAj","RPS","Level_1","second interaction","lvl_2 first",0.8
"159","bZg1T3MNoItL6b7qAAAj","RPS","Level_2","first interaction","lvl_2 first",0.75
"160","bZg1T3MNoItL6b7qAAAj","RPS","Level_2","second interaction","lvl_2 first",-0.5
"161","bZg1T3MNoItL6b7qAAAj","FWG","Level_1","first interaction","lvl_2 first",0.75
"162","bZg1T3MNoItL6b7qAAAj","FWG","Level_1","second interaction","lvl_2 first",0.6
"163","bZg1T3MNoItL6b7qAAAj","FWG","Level_2","first interaction","lvl_2 first",0.55
"164","bZg1T3MNoItL6b7qAAAj","FWG","Level_2","second interaction","lvl_2 first",-0.1
"165","bZg1T3MNoItL6b7qAAAj","SHOOT","Level_1","first interaction","lvl_2 first",0.67
"166","bZg1T3MNoItL6b7qAAAj","SHOOT","Level_1","second interaction","lvl_2 first",0.503
"167","bZg1T3MNoItL6b7qAAAj","SHOOT","Level_2","first interaction","lvl_2 first",0.336
"168","bZg1T3MNoItL6b7qAAAj","SHOOT","Level_2","second interaction","lvl_2 first",0.503
"169","D-VZPAQt4z9eGk05AAEV","RPS","Level_1","first interaction","lvl_1 first",-0.2
"170","D-VZPAQt4z9eGk05AAEV","RPS","Level_1","second interaction","lvl_1 first",0.4
"171","D-VZPAQt4z9eGk05AAEV","RPS","Level_2","first interaction","lvl_1 first",0.65
"172","D-VZPAQt4z9eGk05AAEV","RPS","Level_2","second interaction","lvl_1 first",0.7
"173","D-VZPAQt4z9eGk05AAEV","FWG","Level_1","first interaction","lvl_1 first",0.5
"174","D-VZPAQt4z9eGk05AAEV","FWG","Level_1","second interaction","lvl_1 first",0.8
"175","D-VZPAQt4z9eGk05AAEV","FWG","Level_2","first interaction","lvl_1 first",0.65
"176","D-VZPAQt4z9eGk05AAEV","FWG","Level_2","second interaction","lvl_1 first",0.4
"177","D-VZPAQt4z9eGk05AAEV","SHOOT","Level_1","first interaction","lvl_1 first",0.67
"178","D-VZPAQt4z9eGk05AAEV","SHOOT","Level_1","second interaction","lvl_1 first",0.503
"179","D-VZPAQt4z9eGk05AAEV","SHOOT","Level_2","first interaction","lvl_1 first",0.4195
"180","D-VZPAQt4z9eGk05AAEV","SHOOT","Level_2","second interaction","lvl_1 first",0.67
"181","e7z8X9BaODupDdzrAAHN","RPS","Level_1","first interaction","lvl_2 first",0.3
"182","e7z8X9BaODupDdzrAAHN","RPS","Level_1","second interaction","lvl_2 first",-0.1
"183","e7z8X9BaODupDdzrAAHN","RPS","Level_2","first interaction","lvl_2 first",0.05
"184","e7z8X9BaODupDdzrAAHN","RPS","Level_2","second interaction","lvl_2 first",-0.1
"185","e7z8X9BaODupDdzrAAHN","FWG","Level_1","first interaction","lvl_2 first",0.2
"186","e7z8X9BaODupDdzrAAHN","FWG","Level_1","second interaction","lvl_2 first",0
"187","e7z8X9BaODupDdzrAAHN","FWG","Level_2","first interaction","lvl_2 first",-0.15
"188","e7z8X9BaODupDdzrAAHN","FWG","Level_2","second interaction","lvl_2 first",0.4
"189","e7z8X9BaODupDdzrAAHN","SHOOT","Level_1","first interaction","lvl_2 first",0.4195
"190","e7z8X9BaODupDdzrAAHN","SHOOT","Level_1","second interaction","lvl_2 first",0.67
"191","e7z8X9BaODupDdzrAAHN","SHOOT","Level_2","first interaction","lvl_2 first",0.4195
"192","e7z8X9BaODupDdzrAAHN","SHOOT","Level_2","second interaction","lvl_2 first",0.169
"193","EaYc4vC7DCwwt15aAAIF","RPS","Level_1","first interaction","lvl_1 first",0.2
"194","EaYc4vC7DCwwt15aAAIF","RPS","Level_1","second interaction","lvl_1 first",-0.3
"195","EaYc4vC7DCwwt15aAAIF","RPS","Level_2","first interaction","lvl_1 first",0.1
"196","EaYc4vC7DCwwt15aAAIF","RPS","Level_2","second interaction","lvl_1 first",0.3
"197","EaYc4vC7DCwwt15aAAIF","FWG","Level_1","first interaction","lvl_1 first",0.15
"198","EaYc4vC7DCwwt15aAAIF","FWG","Level_1","second interaction","lvl_1 first",-0.3
"199","EaYc4vC7DCwwt15aAAIF","FWG","Level_2","first interaction","lvl_1 first",0.25
"200","EaYc4vC7DCwwt15aAAIF","FWG","Level_2","second interaction","lvl_1 first",0
"201","EaYc4vC7DCwwt15aAAIF","SHOOT","Level_1","first interaction","lvl_1 first",0.2525
"202","EaYc4vC7DCwwt15aAAIF","SHOOT","Level_1","second interaction","lvl_1 first",-0.332
"203","EaYc4vC7DCwwt15aAAIF","SHOOT","Level_2","first interaction","lvl_1 first",0.169
"204","EaYc4vC7DCwwt15aAAIF","SHOOT","Level_2","second interaction","lvl_1 first",0.67
"205","eZLToe7akcCQujPtAANT","RPS","Level_1","first interaction","lvl_1 first",0.05
"206","eZLToe7akcCQujPtAANT","RPS","Level_1","second interaction","lvl_1 first",0
"207","eZLToe7akcCQujPtAANT","RPS","Level_2","first interaction","lvl_1 first",0.2
"208","eZLToe7akcCQujPtAANT","RPS","Level_2","second interaction","lvl_1 first",0.3
"209","eZLToe7akcCQujPtAANT","FWG","Level_1","first interaction","lvl_1 first",-0.2
"210","eZLToe7akcCQujPtAANT","FWG","Level_1","second interaction","lvl_1 first",-0.3
"211","eZLToe7akcCQujPtAANT","FWG","Level_2","first interaction","lvl_1 first",-0.1
"212","eZLToe7akcCQujPtAANT","FWG","Level_2","second interaction","lvl_1 first",0
"213","eZLToe7akcCQujPtAANT","SHOOT","Level_1","first interaction","lvl_1 first",0.503
"214","eZLToe7akcCQujPtAANT","SHOOT","Level_1","second interaction","lvl_1 first",0.169
"215","eZLToe7akcCQujPtAANT","SHOOT","Level_2","first interaction","lvl_1 first",0.00199999999999996
"216","eZLToe7akcCQujPtAANT","SHOOT","Level_2","second interaction","lvl_1 first",-0.332
"217","fVYQiLoEetexaO0SAABW","RPS","Level_1","first interaction","lvl_1 first",0.3
"218","fVYQiLoEetexaO0SAABW","RPS","Level_1","second interaction","lvl_1 first",0.1
"219","fVYQiLoEetexaO0SAABW","RPS","Level_2","first interaction","lvl_1 first",0.35
"220","fVYQiLoEetexaO0SAABW","RPS","Level_2","second interaction","lvl_1 first",0.5
"221","fVYQiLoEetexaO0SAABW","FWG","Level_1","first interaction","lvl_1 first",0.95
"222","fVYQiLoEetexaO0SAABW","FWG","Level_1","second interaction","lvl_1 first",0.1
"223","fVYQiLoEetexaO0SAABW","FWG","Level_2","first interaction","lvl_1 first",0.35
"224","fVYQiLoEetexaO0SAABW","FWG","Level_2","second interaction","lvl_1 first",0.4
"225","fVYQiLoEetexaO0SAABW","SHOOT","Level_1","first interaction","lvl_1 first",0.2525
"226","fVYQiLoEetexaO0SAABW","SHOOT","Level_1","second interaction","lvl_1 first",0.336
"227","fVYQiLoEetexaO0SAABW","SHOOT","Level_2","first interaction","lvl_1 first",0.00199999999999996
"228","fVYQiLoEetexaO0SAABW","SHOOT","Level_2","second interaction","lvl_1 first",0.503
"229","gRRZ0rUagyVejWTOAAFl","RPS","Level_1","first interaction","lvl_2 first",-0.2
"230","gRRZ0rUagyVejWTOAAFl","RPS","Level_1","second interaction","lvl_2 first",0
"231","gRRZ0rUagyVejWTOAAFl","RPS","Level_2","first interaction","lvl_2 first",-0.15
"232","gRRZ0rUagyVejWTOAAFl","RPS","Level_2","second interaction","lvl_2 first",0
"233","gRRZ0rUagyVejWTOAAFl","FWG","Level_1","first interaction","lvl_2 first",0.15
"234","gRRZ0rUagyVejWTOAAFl","FWG","Level_1","second interaction","lvl_2 first",0.7
"235","gRRZ0rUagyVejWTOAAFl","FWG","Level_2","first interaction","lvl_2 first",-0.1
"236","gRRZ0rUagyVejWTOAAFl","FWG","Level_2","second interaction","lvl_2 first",0.7
"237","gRRZ0rUagyVejWTOAAFl","SHOOT","Level_1","first interaction","lvl_2 first",-0.2485
"238","gRRZ0rUagyVejWTOAAFl","SHOOT","Level_1","second interaction","lvl_2 first",0.00199999999999996
"239","gRRZ0rUagyVejWTOAAFl","SHOOT","Level_2","first interaction","lvl_2 first",0.5865
"240","gRRZ0rUagyVejWTOAAFl","SHOOT","Level_2","second interaction","lvl_2 first",0.336
"241","hrysprKOi0yO4R2pAACB","RPS","Level_1","first interaction","lvl_2 first",0.3
"242","hrysprKOi0yO4R2pAACB","RPS","Level_1","second interaction","lvl_2 first",-0.4
"243","hrysprKOi0yO4R2pAACB","RPS","Level_2","first interaction","lvl_2 first",0.05
"244","hrysprKOi0yO4R2pAACB","RPS","Level_2","second interaction","lvl_2 first",-0.1
"245","hrysprKOi0yO4R2pAACB","FWG","Level_1","first interaction","lvl_2 first",0.2
"246","hrysprKOi0yO4R2pAACB","FWG","Level_1","second interaction","lvl_2 first",0.7
"247","hrysprKOi0yO4R2pAACB","FWG","Level_2","first interaction","lvl_2 first",0.1
"248","hrysprKOi0yO4R2pAACB","FWG","Level_2","second interaction","lvl_2 first",-0.1
"249","hrysprKOi0yO4R2pAACB","SHOOT","Level_1","first interaction","lvl_2 first",0.67
"250","hrysprKOi0yO4R2pAACB","SHOOT","Level_1","second interaction","lvl_2 first",0.336
"251","hrysprKOi0yO4R2pAACB","SHOOT","Level_2","first interaction","lvl_2 first",0.503
"252","hrysprKOi0yO4R2pAACB","SHOOT","Level_2","second interaction","lvl_2 first",0.336
"253","HWVAqPzkj2ugA9vPAAGJ","RPS","Level_1","first interaction","lvl_2 first",-0.2
"254","HWVAqPzkj2ugA9vPAAGJ","RPS","Level_1","second interaction","lvl_2 first",-0.4
"255","HWVAqPzkj2ugA9vPAAGJ","RPS","Level_2","first interaction","lvl_2 first",0.05
"256","HWVAqPzkj2ugA9vPAAGJ","RPS","Level_2","second interaction","lvl_2 first",0.5
"257","HWVAqPzkj2ugA9vPAAGJ","FWG","Level_1","first interaction","lvl_2 first",0.6
"258","HWVAqPzkj2ugA9vPAAGJ","FWG","Level_1","second interaction","lvl_2 first",0.8
"259","HWVAqPzkj2ugA9vPAAGJ","FWG","Level_2","first interaction","lvl_2 first",0.25
"260","HWVAqPzkj2ugA9vPAAGJ","FWG","Level_2","second interaction","lvl_2 first",-0.5
"261","HWVAqPzkj2ugA9vPAAGJ","SHOOT","Level_1","first interaction","lvl_2 first",0.503
"262","HWVAqPzkj2ugA9vPAAGJ","SHOOT","Level_1","second interaction","lvl_2 first",0.67
"263","HWVAqPzkj2ugA9vPAAGJ","SHOOT","Level_2","first interaction","lvl_2 first",0.5865
"264","HWVAqPzkj2ugA9vPAAGJ","SHOOT","Level_2","second interaction","lvl_2 first",0.503
"265","Ipzb3ezDIYT0eRneAAAS","RPS","Level_1","first interaction","lvl_2 first",0.15
"266","Ipzb3ezDIYT0eRneAAAS","RPS","Level_1","second interaction","lvl_2 first",-0.1
"267","Ipzb3ezDIYT0eRneAAAS","RPS","Level_2","first interaction","lvl_2 first",0.2
"268","Ipzb3ezDIYT0eRneAAAS","RPS","Level_2","second interaction","lvl_2 first",0.5
"269","Ipzb3ezDIYT0eRneAAAS","FWG","Level_1","first interaction","lvl_2 first",-0.35
"270","Ipzb3ezDIYT0eRneAAAS","FWG","Level_1","second interaction","lvl_2 first",0.1
"271","Ipzb3ezDIYT0eRneAAAS","FWG","Level_2","first interaction","lvl_2 first",0.55
"272","Ipzb3ezDIYT0eRneAAAS","FWG","Level_2","second interaction","lvl_2 first",1
"273","Ipzb3ezDIYT0eRneAAAS","SHOOT","Level_1","first interaction","lvl_2 first",0.67
"274","Ipzb3ezDIYT0eRneAAAS","SHOOT","Level_1","second interaction","lvl_2 first",0.169
"275","Ipzb3ezDIYT0eRneAAAS","SHOOT","Level_2","first interaction","lvl_2 first",0.336
"276","Ipzb3ezDIYT0eRneAAAS","SHOOT","Level_2","second interaction","lvl_2 first",0.169
"277","J3SqvTcFUwXtSC6wAAB0","RPS","Level_1","first interaction","lvl_2 first",0.75
"278","J3SqvTcFUwXtSC6wAAB0","RPS","Level_1","second interaction","lvl_2 first",0.2
"279","J3SqvTcFUwXtSC6wAAB0","RPS","Level_2","first interaction","lvl_2 first",0.65
"280","J3SqvTcFUwXtSC6wAAB0","RPS","Level_2","second interaction","lvl_2 first",0.5
"281","J3SqvTcFUwXtSC6wAAB0","FWG","Level_1","first interaction","lvl_2 first",0.15
"282","J3SqvTcFUwXtSC6wAAB0","FWG","Level_1","second interaction","lvl_2 first",0.7
"283","J3SqvTcFUwXtSC6wAAB0","FWG","Level_2","first interaction","lvl_2 first",0.7
"284","J3SqvTcFUwXtSC6wAAB0","FWG","Level_2","second interaction","lvl_2 first",1
"285","J3SqvTcFUwXtSC6wAAB0","SHOOT","Level_1","first interaction","lvl_2 first",0.67
"286","J3SqvTcFUwXtSC6wAAB0","SHOOT","Level_1","second interaction","lvl_2 first",0.67
"287","J3SqvTcFUwXtSC6wAAB0","SHOOT","Level_2","first interaction","lvl_2 first",0.2525
"288","J3SqvTcFUwXtSC6wAAB0","SHOOT","Level_2","second interaction","lvl_2 first",0.336
"289","J8_eW3CRDl64752AAAIw","RPS","Level_1","first interaction","lvl_2 first",0.1
"290","J8_eW3CRDl64752AAAIw","RPS","Level_1","second interaction","lvl_2 first",0.2
"291","J8_eW3CRDl64752AAAIw","RPS","Level_2","first interaction","lvl_2 first",0.8
"292","J8_eW3CRDl64752AAAIw","RPS","Level_2","second interaction","lvl_2 first",0.2
"293","J8_eW3CRDl64752AAAIw","FWG","Level_1","first interaction","lvl_2 first",0.15
"294","J8_eW3CRDl64752AAAIw","FWG","Level_1","second interaction","lvl_2 first",0
"295","J8_eW3CRDl64752AAAIw","FWG","Level_2","first interaction","lvl_2 first",0.55
"296","J8_eW3CRDl64752AAAIw","FWG","Level_2","second interaction","lvl_2 first",-0.1
"297","J8_eW3CRDl64752AAAIw","SHOOT","Level_1","first interaction","lvl_2 first",0.2525
"298","J8_eW3CRDl64752AAAIw","SHOOT","Level_1","second interaction","lvl_2 first",0.169
"299","J8_eW3CRDl64752AAAIw","SHOOT","Level_2","first interaction","lvl_2 first",0.169
"300","J8_eW3CRDl64752AAAIw","SHOOT","Level_2","second interaction","lvl_2 first",0.00199999999999996
"301","jsY8H-8cm_SFVtJ1AACC","RPS","Level_1","first interaction","lvl_2 first",0.7
"302","jsY8H-8cm_SFVtJ1AACC","RPS","Level_1","second interaction","lvl_2 first",1
"303","jsY8H-8cm_SFVtJ1AACC","RPS","Level_2","first interaction","lvl_2 first",0.6
"304","jsY8H-8cm_SFVtJ1AACC","RPS","Level_2","second interaction","lvl_2 first",0.3
"305","jsY8H-8cm_SFVtJ1AACC","FWG","Level_1","first interaction","lvl_2 first",0.95
"306","jsY8H-8cm_SFVtJ1AACC","FWG","Level_1","second interaction","lvl_2 first",0.2
"307","jsY8H-8cm_SFVtJ1AACC","FWG","Level_2","first interaction","lvl_2 first",0.9
"308","jsY8H-8cm_SFVtJ1AACC","FWG","Level_2","second interaction","lvl_2 first",0.8
"309","jsY8H-8cm_SFVtJ1AACC","SHOOT","Level_1","first interaction","lvl_2 first",0.5865
"310","jsY8H-8cm_SFVtJ1AACC","SHOOT","Level_1","second interaction","lvl_2 first",0.67
"311","jsY8H-8cm_SFVtJ1AACC","SHOOT","Level_2","first interaction","lvl_2 first",0.4195
"312","jsY8H-8cm_SFVtJ1AACC","SHOOT","Level_2","second interaction","lvl_2 first",0.169
"313","JugPgNzi2NGqsHZzAABY","RPS","Level_1","first interaction","lvl_2 first",0.2
"314","JugPgNzi2NGqsHZzAABY","RPS","Level_1","second interaction","lvl_2 first",-0.4
"315","JugPgNzi2NGqsHZzAABY","RPS","Level_2","first interaction","lvl_2 first",0.15
"316","JugPgNzi2NGqsHZzAABY","RPS","Level_2","second interaction","lvl_2 first",0
"317","JugPgNzi2NGqsHZzAABY","FWG","Level_1","first interaction","lvl_2 first",0.15
"318","JugPgNzi2NGqsHZzAABY","FWG","Level_1","second interaction","lvl_2 first",0
"319","JugPgNzi2NGqsHZzAABY","FWG","Level_2","first interaction","lvl_2 first",0
"320","JugPgNzi2NGqsHZzAABY","FWG","Level_2","second interaction","lvl_2 first",0.1
"321","JugPgNzi2NGqsHZzAABY","SHOOT","Level_1","first interaction","lvl_2 first",-0.2485
"322","JugPgNzi2NGqsHZzAABY","SHOOT","Level_1","second interaction","lvl_2 first",0.67
"323","JugPgNzi2NGqsHZzAABY","SHOOT","Level_2","first interaction","lvl_2 first",0.00199999999999996
"324","JugPgNzi2NGqsHZzAABY","SHOOT","Level_2","second interaction","lvl_2 first",0.503
"325","kJ2thT5Z-1Qh2eWpAAHp","RPS","Level_1","first interaction","lvl_2 first",0.3
"326","kJ2thT5Z-1Qh2eWpAAHp","RPS","Level_1","second interaction","lvl_2 first",0.4
"327","kJ2thT5Z-1Qh2eWpAAHp","RPS","Level_2","first interaction","lvl_2 first",0
"328","kJ2thT5Z-1Qh2eWpAAHp","RPS","Level_2","second interaction","lvl_2 first",0
"329","kJ2thT5Z-1Qh2eWpAAHp","FWG","Level_1","first interaction","lvl_2 first",-0.25
"330","kJ2thT5Z-1Qh2eWpAAHp","FWG","Level_1","second interaction","lvl_2 first",0.1
"331","kJ2thT5Z-1Qh2eWpAAHp","FWG","Level_2","first interaction","lvl_2 first",0.1
"332","kJ2thT5Z-1Qh2eWpAAHp","FWG","Level_2","second interaction","lvl_2 first",-0.2
"333","kJ2thT5Z-1Qh2eWpAAHp","SHOOT","Level_1","first interaction","lvl_2 first",0.4195
"334","kJ2thT5Z-1Qh2eWpAAHp","SHOOT","Level_1","second interaction","lvl_2 first",0.169
"335","kJ2thT5Z-1Qh2eWpAAHp","SHOOT","Level_2","first interaction","lvl_2 first",0.2525
"336","kJ2thT5Z-1Qh2eWpAAHp","SHOOT","Level_2","second interaction","lvl_2 first",0.169
"337","LQcrLHbnJAiZQ7BLAAFx","RPS","Level_1","first interaction","lvl_1 first",0.3
"338","LQcrLHbnJAiZQ7BLAAFx","RPS","Level_1","second interaction","lvl_1 first",0
"339","LQcrLHbnJAiZQ7BLAAFx","RPS","Level_2","first interaction","lvl_1 first",-0.05
"340","LQcrLHbnJAiZQ7BLAAFx","RPS","Level_2","second interaction","lvl_1 first",0.3
"341","LQcrLHbnJAiZQ7BLAAFx","FWG","Level_1","first interaction","lvl_1 first",0.1
"342","LQcrLHbnJAiZQ7BLAAFx","FWG","Level_1","second interaction","lvl_1 first",0
"343","LQcrLHbnJAiZQ7BLAAFx","FWG","Level_2","first interaction","lvl_1 first",-0.1
"344","LQcrLHbnJAiZQ7BLAAFx","FWG","Level_2","second interaction","lvl_1 first",-0.1
"345","LQcrLHbnJAiZQ7BLAAFx","SHOOT","Level_1","first interaction","lvl_1 first",-0.332
"346","LQcrLHbnJAiZQ7BLAAFx","SHOOT","Level_1","second interaction","lvl_1 first",0.00199999999999996
"347","LQcrLHbnJAiZQ7BLAAFx","SHOOT","Level_2","first interaction","lvl_1 first",-0.165
"348","LQcrLHbnJAiZQ7BLAAFx","SHOOT","Level_2","second interaction","lvl_1 first",-0.165
"349","LrE6ZszEnyovbhwZAAD1","RPS","Level_1","first interaction","lvl_1 first",-0.1
"350","LrE6ZszEnyovbhwZAAD1","RPS","Level_1","second interaction","lvl_1 first",-0.2
"351","LrE6ZszEnyovbhwZAAD1","RPS","Level_2","first interaction","lvl_1 first",-0.1
"352","LrE6ZszEnyovbhwZAAD1","RPS","Level_2","second interaction","lvl_1 first",0.2
"353","LrE6ZszEnyovbhwZAAD1","FWG","Level_1","first interaction","lvl_1 first",0.85
"354","LrE6ZszEnyovbhwZAAD1","FWG","Level_1","second interaction","lvl_1 first",0.9
"355","LrE6ZszEnyovbhwZAAD1","FWG","Level_2","first interaction","lvl_1 first",0.55
"356","LrE6ZszEnyovbhwZAAD1","FWG","Level_2","second interaction","lvl_1 first",-0.1
"357","LrE6ZszEnyovbhwZAAD1","SHOOT","Level_1","first interaction","lvl_1 first",0.67
"358","LrE6ZszEnyovbhwZAAD1","SHOOT","Level_1","second interaction","lvl_1 first",0.503
"359","LrE6ZszEnyovbhwZAAD1","SHOOT","Level_2","first interaction","lvl_1 first",0.2525
"360","LrE6ZszEnyovbhwZAAD1","SHOOT","Level_2","second interaction","lvl_1 first",0.169
"361","ma9i8ks9WP1eBPYhAAAV","RPS","Level_1","first interaction","lvl_1 first",-0.05
"362","ma9i8ks9WP1eBPYhAAAV","RPS","Level_1","second interaction","lvl_1 first",0.1
"363","ma9i8ks9WP1eBPYhAAAV","RPS","Level_2","first interaction","lvl_1 first",0.2
"364","ma9i8ks9WP1eBPYhAAAV","RPS","Level_2","second interaction","lvl_1 first",-0.4
"365","ma9i8ks9WP1eBPYhAAAV","FWG","Level_1","first interaction","lvl_1 first",1
"366","ma9i8ks9WP1eBPYhAAAV","FWG","Level_1","second interaction","lvl_1 first",0
"367","ma9i8ks9WP1eBPYhAAAV","FWG","Level_2","first interaction","lvl_1 first",-0.25
"368","ma9i8ks9WP1eBPYhAAAV","FWG","Level_2","second interaction","lvl_1 first",0.2
"369","ma9i8ks9WP1eBPYhAAAV","SHOOT","Level_1","first interaction","lvl_1 first",0.169
"370","ma9i8ks9WP1eBPYhAAAV","SHOOT","Level_1","second interaction","lvl_1 first",0.169
"371","ma9i8ks9WP1eBPYhAAAV","SHOOT","Level_2","first interaction","lvl_1 first",0.4195
"372","ma9i8ks9WP1eBPYhAAAV","SHOOT","Level_2","second interaction","lvl_1 first",-0.332
"373","NWCvzUgUu8IuyjfLAAB_","RPS","Level_1","first interaction","lvl_1 first",0
"374","NWCvzUgUu8IuyjfLAAB_","RPS","Level_1","second interaction","lvl_1 first",0.2
"375","NWCvzUgUu8IuyjfLAAB_","RPS","Level_2","first interaction","lvl_1 first",-0.05
"376","NWCvzUgUu8IuyjfLAAB_","RPS","Level_2","second interaction","lvl_1 first",-0.2
"377","NWCvzUgUu8IuyjfLAAB_","FWG","Level_1","first interaction","lvl_1 first",0.05
"378","NWCvzUgUu8IuyjfLAAB_","FWG","Level_1","second interaction","lvl_1 first",-0.3
"379","NWCvzUgUu8IuyjfLAAB_","FWG","Level_2","first interaction","lvl_1 first",-0.1
"380","NWCvzUgUu8IuyjfLAAB_","FWG","Level_2","second interaction","lvl_1 first",0.1
"381","NWCvzUgUu8IuyjfLAAB_","SHOOT","Level_1","first interaction","lvl_1 first",0.67
"382","NWCvzUgUu8IuyjfLAAB_","SHOOT","Level_1","second interaction","lvl_1 first",0.336
"383","NWCvzUgUu8IuyjfLAAB_","SHOOT","Level_2","first interaction","lvl_1 first",0.169
"384","NWCvzUgUu8IuyjfLAAB_","SHOOT","Level_2","second interaction","lvl_1 first",0.503
"385","oxFTHoqnqWrmCV-SAABm","RPS","Level_1","first interaction","lvl_1 first",0.35
"386","oxFTHoqnqWrmCV-SAABm","RPS","Level_1","second interaction","lvl_1 first",0.4
"387","oxFTHoqnqWrmCV-SAABm","RPS","Level_2","first interaction","lvl_1 first",0.65
"388","oxFTHoqnqWrmCV-SAABm","RPS","Level_2","second interaction","lvl_1 first",0.4
"389","oxFTHoqnqWrmCV-SAABm","FWG","Level_1","first interaction","lvl_1 first",0.7
"390","oxFTHoqnqWrmCV-SAABm","FWG","Level_1","second interaction","lvl_1 first",0.5
"391","oxFTHoqnqWrmCV-SAABm","FWG","Level_2","first interaction","lvl_1 first",0.25
"392","oxFTHoqnqWrmCV-SAABm","FWG","Level_2","second interaction","lvl_1 first",0.8
"393","oxFTHoqnqWrmCV-SAABm","SHOOT","Level_1","first interaction","lvl_1 first",0.5865
"394","oxFTHoqnqWrmCV-SAABm","SHOOT","Level_1","second interaction","lvl_1 first",0.336
"395","oxFTHoqnqWrmCV-SAABm","SHOOT","Level_2","first interaction","lvl_1 first",0.169
"396","oxFTHoqnqWrmCV-SAABm","SHOOT","Level_2","second interaction","lvl_1 first",0.336
"397","PJpglw0AOw675yAdAAHP","RPS","Level_1","first interaction","lvl_1 first",-0.05
"398","PJpglw0AOw675yAdAAHP","RPS","Level_1","second interaction","lvl_1 first",-0.2
"399","PJpglw0AOw675yAdAAHP","RPS","Level_2","first interaction","lvl_1 first",0.45
"400","PJpglw0AOw675yAdAAHP","RPS","Level_2","second interaction","lvl_1 first",0.5
"401","PJpglw0AOw675yAdAAHP","FWG","Level_1","first interaction","lvl_1 first",-0.35
"402","PJpglw0AOw675yAdAAHP","FWG","Level_1","second interaction","lvl_1 first",0.6
"403","PJpglw0AOw675yAdAAHP","FWG","Level_2","first interaction","lvl_1 first",0.1
"404","PJpglw0AOw675yAdAAHP","FWG","Level_2","second interaction","lvl_1 first",-0.7
"405","PJpglw0AOw675yAdAAHP","SHOOT","Level_1","first interaction","lvl_1 first",0.5865
"406","PJpglw0AOw675yAdAAHP","SHOOT","Level_1","second interaction","lvl_1 first",-0.165
"407","PJpglw0AOw675yAdAAHP","SHOOT","Level_2","first interaction","lvl_1 first",0.4195
"408","PJpglw0AOw675yAdAAHP","SHOOT","Level_2","second interaction","lvl_1 first",0.169
"409","PPuClUN70TLCCciPAADz","RPS","Level_1","first interaction","lvl_2 first",0.25
"410","PPuClUN70TLCCciPAADz","RPS","Level_1","second interaction","lvl_2 first",-0.2
"411","PPuClUN70TLCCciPAADz","RPS","Level_2","first interaction","lvl_2 first",0
"412","PPuClUN70TLCCciPAADz","RPS","Level_2","second interaction","lvl_2 first",-0.2
"413","PPuClUN70TLCCciPAADz","FWG","Level_1","first interaction","lvl_2 first",-0.35
"414","PPuClUN70TLCCciPAADz","FWG","Level_1","second interaction","lvl_2 first",-0.1
"415","PPuClUN70TLCCciPAADz","FWG","Level_2","first interaction","lvl_2 first",-0.05
"416","PPuClUN70TLCCciPAADz","FWG","Level_2","second interaction","lvl_2 first",0.2
"417","PPuClUN70TLCCciPAADz","SHOOT","Level_1","first interaction","lvl_2 first",0.503
"418","PPuClUN70TLCCciPAADz","SHOOT","Level_1","second interaction","lvl_2 first",0.503
"419","PPuClUN70TLCCciPAADz","SHOOT","Level_2","first interaction","lvl_2 first",0.169
"420","PPuClUN70TLCCciPAADz","SHOOT","Level_2","second interaction","lvl_2 first",0.336
"421","prcG2V77ivcCj8ziAAAK","RPS","Level_1","first interaction","lvl_1 first",0.6
"422","prcG2V77ivcCj8ziAAAK","RPS","Level_1","second interaction","lvl_1 first",0.5
"423","prcG2V77ivcCj8ziAAAK","RPS","Level_2","first interaction","lvl_1 first",0.35
"424","prcG2V77ivcCj8ziAAAK","RPS","Level_2","second interaction","lvl_1 first",0.8
"425","prcG2V77ivcCj8ziAAAK","FWG","Level_1","first interaction","lvl_1 first",0.4
"426","prcG2V77ivcCj8ziAAAK","FWG","Level_1","second interaction","lvl_1 first",0.8
"427","prcG2V77ivcCj8ziAAAK","FWG","Level_2","first interaction","lvl_1 first",0.6
"428","prcG2V77ivcCj8ziAAAK","FWG","Level_2","second interaction","lvl_1 first",0.4
"429","prcG2V77ivcCj8ziAAAK","SHOOT","Level_1","first interaction","lvl_1 first",0.67
"430","prcG2V77ivcCj8ziAAAK","SHOOT","Level_1","second interaction","lvl_1 first",0.67
"431","prcG2V77ivcCj8ziAAAK","SHOOT","Level_2","first interaction","lvl_1 first",0.4195
"432","prcG2V77ivcCj8ziAAAK","SHOOT","Level_2","second interaction","lvl_1 first",0.503
"433","qVfFo-E8nx1aMQrkAAAh","RPS","Level_1","first interaction","lvl_1 first",0.2
"434","qVfFo-E8nx1aMQrkAAAh","RPS","Level_1","second interaction","lvl_1 first",-0.1
"435","qVfFo-E8nx1aMQrkAAAh","RPS","Level_2","first interaction","lvl_1 first",-0.05
"436","qVfFo-E8nx1aMQrkAAAh","RPS","Level_2","second interaction","lvl_1 first",-0.3
"437","qVfFo-E8nx1aMQrkAAAh","FWG","Level_1","first interaction","lvl_1 first",0
"438","qVfFo-E8nx1aMQrkAAAh","FWG","Level_1","second interaction","lvl_1 first",0.3
"439","qVfFo-E8nx1aMQrkAAAh","FWG","Level_2","first interaction","lvl_1 first",0.25
"440","qVfFo-E8nx1aMQrkAAAh","FWG","Level_2","second interaction","lvl_1 first",-0.1
"441","qVfFo-E8nx1aMQrkAAAh","SHOOT","Level_1","first interaction","lvl_1 first",0.5865
"442","qVfFo-E8nx1aMQrkAAAh","SHOOT","Level_1","second interaction","lvl_1 first",0.67
"443","qVfFo-E8nx1aMQrkAAAh","SHOOT","Level_2","first interaction","lvl_1 first",0.2525
"444","qVfFo-E8nx1aMQrkAAAh","SHOOT","Level_2","second interaction","lvl_1 first",0.503
"445","qxE6d7fDhRDSZ8LNAACg","RPS","Level_1","first interaction","lvl_2 first",0.1
"446","qxE6d7fDhRDSZ8LNAACg","RPS","Level_1","second interaction","lvl_2 first",-0.4
"447","qxE6d7fDhRDSZ8LNAACg","RPS","Level_2","first interaction","lvl_2 first",0.1
"448","qxE6d7fDhRDSZ8LNAACg","RPS","Level_2","second interaction","lvl_2 first",0
"449","qxE6d7fDhRDSZ8LNAACg","FWG","Level_1","first interaction","lvl_2 first",0.1
"450","qxE6d7fDhRDSZ8LNAACg","FWG","Level_1","second interaction","lvl_2 first",-0.1
"451","qxE6d7fDhRDSZ8LNAACg","FWG","Level_2","first interaction","lvl_2 first",0.2
"452","qxE6d7fDhRDSZ8LNAACg","FWG","Level_2","second interaction","lvl_2 first",0.5
"453","qxE6d7fDhRDSZ8LNAACg","SHOOT","Level_1","first interaction","lvl_2 first",0.503
"454","qxE6d7fDhRDSZ8LNAACg","SHOOT","Level_1","second interaction","lvl_2 first",0.503
"455","qxE6d7fDhRDSZ8LNAACg","SHOOT","Level_2","first interaction","lvl_2 first",0.4195
"456","qxE6d7fDhRDSZ8LNAACg","SHOOT","Level_2","second interaction","lvl_2 first",0.336
"457","r2nFfSPcBAarIW5SAAFp","RPS","Level_1","first interaction","lvl_1 first",0.4
"458","r2nFfSPcBAarIW5SAAFp","RPS","Level_1","second interaction","lvl_1 first",0
"459","r2nFfSPcBAarIW5SAAFp","RPS","Level_2","first interaction","lvl_1 first",0.3
"460","r2nFfSPcBAarIW5SAAFp","RPS","Level_2","second interaction","lvl_1 first",0.2
"461","r2nFfSPcBAarIW5SAAFp","FWG","Level_1","first interaction","lvl_1 first",0.2
"462","r2nFfSPcBAarIW5SAAFp","FWG","Level_1","second interaction","lvl_1 first",-0.3
"463","r2nFfSPcBAarIW5SAAFp","FWG","Level_2","first interaction","lvl_1 first",-0.2
"464","r2nFfSPcBAarIW5SAAFp","FWG","Level_2","second interaction","lvl_1 first",-0.3
"465","r2nFfSPcBAarIW5SAAFp","SHOOT","Level_1","first interaction","lvl_1 first",0.503
"466","r2nFfSPcBAarIW5SAAFp","SHOOT","Level_1","second interaction","lvl_1 first",0.67
"467","r2nFfSPcBAarIW5SAAFp","SHOOT","Level_2","first interaction","lvl_1 first",-0.0815
"468","r2nFfSPcBAarIW5SAAFp","SHOOT","Level_2","second interaction","lvl_1 first",0.336
"469","sIk6KD9rUGe2kTq7AABg","RPS","Level_1","first interaction","lvl_1 first",-0.15
"470","sIk6KD9rUGe2kTq7AABg","RPS","Level_1","second interaction","lvl_1 first",-0.7
"471","sIk6KD9rUGe2kTq7AABg","RPS","Level_2","first interaction","lvl_1 first",0.2
"472","sIk6KD9rUGe2kTq7AABg","RPS","Level_2","second interaction","lvl_1 first",0.5
"473","sIk6KD9rUGe2kTq7AABg","FWG","Level_1","first interaction","lvl_1 first",-0.1
"474","sIk6KD9rUGe2kTq7AABg","FWG","Level_1","second interaction","lvl_1 first",-0.2
"475","sIk6KD9rUGe2kTq7AABg","FWG","Level_2","first interaction","lvl_1 first",0.25
"476","sIk6KD9rUGe2kTq7AABg","FWG","Level_2","second interaction","lvl_1 first",0.1
"477","sIk6KD9rUGe2kTq7AABg","SHOOT","Level_1","first interaction","lvl_1 first",0.0855
"478","sIk6KD9rUGe2kTq7AABg","SHOOT","Level_1","second interaction","lvl_1 first",0.169
"479","sIk6KD9rUGe2kTq7AABg","SHOOT","Level_2","first interaction","lvl_1 first",-0.0815
"480","sIk6KD9rUGe2kTq7AABg","SHOOT","Level_2","second interaction","lvl_1 first",-0.332
"481","sJWcEQ_yv-10lmf-AAFN","RPS","Level_1","first interaction","lvl_1 first",-0.85
"482","sJWcEQ_yv-10lmf-AAFN","RPS","Level_1","second interaction","lvl_1 first",1
"483","sJWcEQ_yv-10lmf-AAFN","RPS","Level_2","first interaction","lvl_1 first",0.1
"484","sJWcEQ_yv-10lmf-AAFN","RPS","Level_2","second interaction","lvl_1 first",0.6
"485","sJWcEQ_yv-10lmf-AAFN","FWG","Level_1","first interaction","lvl_1 first",0.8
"486","sJWcEQ_yv-10lmf-AAFN","FWG","Level_1","second interaction","lvl_1 first",-0.5
"487","sJWcEQ_yv-10lmf-AAFN","FWG","Level_2","first interaction","lvl_1 first",0.85
"488","sJWcEQ_yv-10lmf-AAFN","FWG","Level_2","second interaction","lvl_1 first",0.8
"489","sJWcEQ_yv-10lmf-AAFN","SHOOT","Level_1","first interaction","lvl_1 first",0.503
"490","sJWcEQ_yv-10lmf-AAFN","SHOOT","Level_1","second interaction","lvl_1 first",0.336
"491","sJWcEQ_yv-10lmf-AAFN","SHOOT","Level_2","first interaction","lvl_1 first",0.5865
"492","sJWcEQ_yv-10lmf-AAFN","SHOOT","Level_2","second interaction","lvl_1 first",0.503
"493","tf0MGgvxmqZRO_clAAEv","RPS","Level_1","first interaction","lvl_1 first",0.3
"494","tf0MGgvxmqZRO_clAAEv","RPS","Level_1","second interaction","lvl_1 first",0.3
"495","tf0MGgvxmqZRO_clAAEv","RPS","Level_2","first interaction","lvl_1 first",0.15
"496","tf0MGgvxmqZRO_clAAEv","RPS","Level_2","second interaction","lvl_1 first",0.6
"497","tf0MGgvxmqZRO_clAAEv","FWG","Level_1","first interaction","lvl_1 first",0.05
"498","tf0MGgvxmqZRO_clAAEv","FWG","Level_1","second interaction","lvl_1 first",-0.2
"499","tf0MGgvxmqZRO_clAAEv","FWG","Level_2","first interaction","lvl_1 first",0.35
"500","tf0MGgvxmqZRO_clAAEv","FWG","Level_2","second interaction","lvl_1 first",0.5
"501","tf0MGgvxmqZRO_clAAEv","SHOOT","Level_1","first interaction","lvl_1 first",0.0855
"502","tf0MGgvxmqZRO_clAAEv","SHOOT","Level_1","second interaction","lvl_1 first",0.503
"503","tf0MGgvxmqZRO_clAAEv","SHOOT","Level_2","first interaction","lvl_1 first",0.0855
"504","tf0MGgvxmqZRO_clAAEv","SHOOT","Level_2","second interaction","lvl_1 first",0.503
"505","UQ2ClBvGXwIgRRxJAACU","RPS","Level_1","first interaction","lvl_1 first",0.6
"506","UQ2ClBvGXwIgRRxJAACU","RPS","Level_1","second interaction","lvl_1 first",0.9
"507","UQ2ClBvGXwIgRRxJAACU","RPS","Level_2","first interaction","lvl_1 first",0.25
"508","UQ2ClBvGXwIgRRxJAACU","RPS","Level_2","second interaction","lvl_1 first",0.3
"509","UQ2ClBvGXwIgRRxJAACU","FWG","Level_1","first interaction","lvl_1 first",0.8
"510","UQ2ClBvGXwIgRRxJAACU","FWG","Level_1","second interaction","lvl_1 first",0.7
"511","UQ2ClBvGXwIgRRxJAACU","FWG","Level_2","first interaction","lvl_1 first",0.65
"512","UQ2ClBvGXwIgRRxJAACU","FWG","Level_2","second interaction","lvl_1 first",0.9
"513","UQ2ClBvGXwIgRRxJAACU","SHOOT","Level_1","first interaction","lvl_1 first",0.67
"514","UQ2ClBvGXwIgRRxJAACU","SHOOT","Level_1","second interaction","lvl_1 first",0.503
"515","UQ2ClBvGXwIgRRxJAACU","SHOOT","Level_2","first interaction","lvl_1 first",0.67
"516","UQ2ClBvGXwIgRRxJAACU","SHOOT","Level_2","second interaction","lvl_1 first",0.169
"517","v4JPdc2dyGGb0M9KAAAS","RPS","Level_1","first interaction","lvl_1 first",0.1
"518","v4JPdc2dyGGb0M9KAAAS","RPS","Level_1","second interaction","lvl_1 first",-0.2
"519","v4JPdc2dyGGb0M9KAAAS","RPS","Level_2","first interaction","lvl_1 first",0.1
"520","v4JPdc2dyGGb0M9KAAAS","RPS","Level_2","second interaction","lvl_1 first",0.3
"521","v4JPdc2dyGGb0M9KAAAS","FWG","Level_1","first interaction","lvl_1 first",0.4
"522","v4JPdc2dyGGb0M9KAAAS","FWG","Level_1","second interaction","lvl_1 first",0.4
"523","v4JPdc2dyGGb0M9KAAAS","FWG","Level_2","first interaction","lvl_1 first",-0.05
"524","v4JPdc2dyGGb0M9KAAAS","FWG","Level_2","second interaction","lvl_1 first",-0.3
"525","v4JPdc2dyGGb0M9KAAAS","SHOOT","Level_1","first interaction","lvl_1 first",0.4195
"526","v4JPdc2dyGGb0M9KAAAS","SHOOT","Level_1","second interaction","lvl_1 first",0.503
"527","v4JPdc2dyGGb0M9KAAAS","SHOOT","Level_2","first interaction","lvl_1 first",0.169
"528","v4JPdc2dyGGb0M9KAAAS","SHOOT","Level_2","second interaction","lvl_1 first",0.503
"529","vGnDPRowetREQVmwAADL","RPS","Level_1","first interaction","lvl_2 first",0.3
"530","vGnDPRowetREQVmwAADL","RPS","Level_1","second interaction","lvl_2 first",-0.2
"531","vGnDPRowetREQVmwAADL","RPS","Level_2","first interaction","lvl_2 first",-0.05
"532","vGnDPRowetREQVmwAADL","RPS","Level_2","second interaction","lvl_2 first",0
"533","vGnDPRowetREQVmwAADL","FWG","Level_1","first interaction","lvl_2 first",0.15
"534","vGnDPRowetREQVmwAADL","FWG","Level_1","second interaction","lvl_2 first",0.3
"535","vGnDPRowetREQVmwAADL","FWG","Level_2","first interaction","lvl_2 first",0.05
"536","vGnDPRowetREQVmwAADL","FWG","Level_2","second interaction","lvl_2 first",0.1
"537","vGnDPRowetREQVmwAADL","SHOOT","Level_1","first interaction","lvl_2 first",-0.2485
"538","vGnDPRowetREQVmwAADL","SHOOT","Level_1","second interaction","lvl_2 first",-0.165
"539","vGnDPRowetREQVmwAADL","SHOOT","Level_2","first interaction","lvl_2 first",-0.2485
"540","vGnDPRowetREQVmwAADL","SHOOT","Level_2","second interaction","lvl_2 first",0.00199999999999996
"541","wi_zWhftr9MdqTmCAAHs","RPS","Level_1","first interaction","lvl_1 first",0.1
"542","wi_zWhftr9MdqTmCAAHs","RPS","Level_1","second interaction","lvl_1 first",-0.2
"543","wi_zWhftr9MdqTmCAAHs","RPS","Level_2","first interaction","lvl_1 first",0.45
"544","wi_zWhftr9MdqTmCAAHs","RPS","Level_2","second interaction","lvl_1 first",0.7
"545","wi_zWhftr9MdqTmCAAHs","FWG","Level_1","first interaction","lvl_1 first",-0.05
"546","wi_zWhftr9MdqTmCAAHs","FWG","Level_1","second interaction","lvl_1 first",-0.1
"547","wi_zWhftr9MdqTmCAAHs","FWG","Level_2","first interaction","lvl_1 first",1
"548","wi_zWhftr9MdqTmCAAHs","FWG","Level_2","second interaction","lvl_1 first",0.7
"549","wi_zWhftr9MdqTmCAAHs","SHOOT","Level_1","first interaction","lvl_1 first",0.2525
"550","wi_zWhftr9MdqTmCAAHs","SHOOT","Level_1","second interaction","lvl_1 first",0.503
"551","wi_zWhftr9MdqTmCAAHs","SHOOT","Level_2","first interaction","lvl_1 first",0.2525
"552","wi_zWhftr9MdqTmCAAHs","SHOOT","Level_2","second interaction","lvl_1 first",0.169
"553","wkSekQIWpxx9cI6DAAAK","RPS","Level_1","first interaction","lvl_2 first",0.65
"554","wkSekQIWpxx9cI6DAAAK","RPS","Level_1","second interaction","lvl_2 first",0.3
"555","wkSekQIWpxx9cI6DAAAK","RPS","Level_2","first interaction","lvl_2 first",0.15
"556","wkSekQIWpxx9cI6DAAAK","RPS","Level_2","second interaction","lvl_2 first",0.3
"557","wkSekQIWpxx9cI6DAAAK","FWG","Level_1","first interaction","lvl_2 first",0.5
"558","wkSekQIWpxx9cI6DAAAK","FWG","Level_1","second interaction","lvl_2 first",0.6
"559","wkSekQIWpxx9cI6DAAAK","FWG","Level_2","first interaction","lvl_2 first",1
"560","wkSekQIWpxx9cI6DAAAK","FWG","Level_2","second interaction","lvl_2 first",0.7
"561","wkSekQIWpxx9cI6DAAAK","SHOOT","Level_1","first interaction","lvl_2 first",0.67
"562","wkSekQIWpxx9cI6DAAAK","SHOOT","Level_1","second interaction","lvl_2 first",0.336
"563","wkSekQIWpxx9cI6DAAAK","SHOOT","Level_2","first interaction","lvl_2 first",0.00199999999999996
"564","wkSekQIWpxx9cI6DAAAK","SHOOT","Level_2","second interaction","lvl_2 first",0.169
"565","YI5xBRHQEsR4UCk6AACr","RPS","Level_1","first interaction","lvl_2 first",0.25
"566","YI5xBRHQEsR4UCk6AACr","RPS","Level_1","second interaction","lvl_2 first",0.4
"567","YI5xBRHQEsR4UCk6AACr","RPS","Level_2","first interaction","lvl_2 first",0
"568","YI5xBRHQEsR4UCk6AACr","RPS","Level_2","second interaction","lvl_2 first",0.2
"569","YI5xBRHQEsR4UCk6AACr","FWG","Level_1","first interaction","lvl_2 first",0.8
"570","YI5xBRHQEsR4UCk6AACr","FWG","Level_1","second interaction","lvl_2 first",0.6
"571","YI5xBRHQEsR4UCk6AACr","FWG","Level_2","first interaction","lvl_2 first",-0.05
"572","YI5xBRHQEsR4UCk6AACr","FWG","Level_2","second interaction","lvl_2 first",0.5
"573","YI5xBRHQEsR4UCk6AACr","SHOOT","Level_1","first interaction","lvl_2 first",0.2525
"574","YI5xBRHQEsR4UCk6AACr","SHOOT","Level_1","second interaction","lvl_2 first",0.67
"575","YI5xBRHQEsR4UCk6AACr","SHOOT","Level_2","first interaction","lvl_2 first",0.2525
"576","YI5xBRHQEsR4UCk6AACr","SHOOT","Level_2","second interaction","lvl_2 first",0.67
"577","YUCCkBUG83_JkDNGAAAI","RPS","Level_1","first interaction","lvl_2 first",-0.3
"578","YUCCkBUG83_JkDNGAAAI","RPS","Level_1","second interaction","lvl_2 first",-0.2
"579","YUCCkBUG83_JkDNGAAAI","RPS","Level_2","first interaction","lvl_2 first",0.25
"580","YUCCkBUG83_JkDNGAAAI","RPS","Level_2","second interaction","lvl_2 first",0.4
"581","YUCCkBUG83_JkDNGAAAI","FWG","Level_1","first interaction","lvl_2 first",0.2
"582","YUCCkBUG83_JkDNGAAAI","FWG","Level_1","second interaction","lvl_2 first",0
"583","YUCCkBUG83_JkDNGAAAI","FWG","Level_2","first interaction","lvl_2 first",0.3
"584","YUCCkBUG83_JkDNGAAAI","FWG","Level_2","second interaction","lvl_2 first",-0.2
"585","YUCCkBUG83_JkDNGAAAI","SHOOT","Level_1","first interaction","lvl_2 first",0.503
"586","YUCCkBUG83_JkDNGAAAI","SHOOT","Level_1","second interaction","lvl_2 first",0.67
"587","YUCCkBUG83_JkDNGAAAI","SHOOT","Level_2","first interaction","lvl_2 first",0.5865
"588","YUCCkBUG83_JkDNGAAAI","SHOOT","Level_2","second interaction","lvl_2 first",0.503
"589","z4PrcHRUF5bxfgrKAACQ","RPS","Level_1","first interaction","lvl_2 first",0.35
"590","z4PrcHRUF5bxfgrKAACQ","RPS","Level_1","second interaction","lvl_2 first",-0.1
"591","z4PrcHRUF5bxfgrKAACQ","RPS","Level_2","first interaction","lvl_2 first",0.15
"592","z4PrcHRUF5bxfgrKAACQ","RPS","Level_2","second interaction","lvl_2 first",0
"593","z4PrcHRUF5bxfgrKAACQ","FWG","Level_1","first interaction","lvl_2 first",0
"594","z4PrcHRUF5bxfgrKAACQ","FWG","Level_1","second interaction","lvl_2 first",-0.1
"595","z4PrcHRUF5bxfgrKAACQ","FWG","Level_2","first interaction","lvl_2 first",0.05
"596","z4PrcHRUF5bxfgrKAACQ","FWG","Level_2","second interaction","lvl_2 first",-0.2
"597","z4PrcHRUF5bxfgrKAACQ","SHOOT","Level_1","first interaction","lvl_2 first",0.5865
"598","z4PrcHRUF5bxfgrKAACQ","SHOOT","Level_1","second interaction","lvl_2 first",-0.165
"599","z4PrcHRUF5bxfgrKAACQ","SHOOT","Level_2","first interaction","lvl_2 first",0.2525
"600","z4PrcHRUF5bxfgrKAACQ","SHOOT","Level_2","second interaction","lvl_2 first",0.503
